Product ID,Smell Main Group,Smell Sub-Group,Top,Middle,Bottom,% smell used
AR309941,Oriental,Gourmand,"coconut, almond","gourmande, sweet, chocolate",vanilla,7%
AR452415,Floral,Floriental,"hot pink pepper, strawberry and cassis","heady tuberose, jasmine,  white lily whilst","Patchouli, vanilla, precious musk",7%
AR289591,Oriental,Floriental,"coconut, milk",Jasmin,"vanilla, caramelized sugar",5%
AL223556,Fresh,Fruity,"Citrus, Orange, Bergamot","Citrus, Green Mango, Sea Salt","Sea Kelp, Floral, Amber",7%
AL223563,Fresh,Flowery,"Lavender, Moss","Sea Minerals, Bergamot","Sandalwood, Amber",7%
AL223569,Fruity,Fresh,"Citrus, Pineapple, Tropical","Hibiscus, Guava, Berry","Sugar Cane, Fruit, Floral",7%
AL223571,Sweet,Sweet,Mandarin; Lime,Berry; Fruit; Orange,Floral; Orange; Soft Musk,5%
19030F,Fresh,Fruity,"sparkling lemon, ginger, bergamot, orange","Japanese plum, orchard fruits, blackberry","white sandalwood, dry cedar, rosewood",5%
21657F,Fresh,Citrus,"Bergamot, orange, pink citron","Orange blossom, orchid, mimosa blossom","creamy sandalwood, teakwood, tonka bean",5%
11062F,Oriental,Gourmand,"melted butter, graham cracker","sweet caramel, whipped milk","caramelized sugar, vanill bean",5%
18798F,Oriental,Gourmand,"lemon zest, sugarcane","cinnamon leaf, milky notes","creamy nutmeg, vanilla bean, sweet musk",7%
19772F,Oriental,Gourmand,"crisp apple, chamomile, bergamot","cinnamon stick, clove, bud, rosemary, raspberry","flint accord, cedar leaf, sandalwood, incense, patchouli",7%
17711F,Fresh,Green,"orange zest, bergamot, cassis","clove leaf, redberry, cashmere, mulberry","vanilla, fluid musk, white balsam",7%
14708F,Oriental,Gourmand,"Lemon Peel, Clove Leaf","Cinnamon Bark, Grated Nutmeg"," Bing Cherry, Sugared Vanilla",5%
14708F,Oriental,Gourmand,"Lemon Peel, Clove Leaf","Cinnamon Bark, Grated Nutmeg"," Bing Cherry, Sugared Vanilla",5%
29383F,Fresh,Powdery,"sun-dried linen accord, bergamot zest, leafy greens","lily of the valley, rose petal, vetiver","white cedar, clean musk, violet leaf",5%
29383F,Fresh,Powdery,"sun-dried linen accord, bergamot zest, leafy greens","lily of the valley, rose petal, vetiver","white cedar, clean musk, violet leaf",5%
18123F,Oriental,Gourmand,"Lemon zest, bergamot, clementine","sweet vanilla cloud, sugar confection","spiced sugar cookie, sprinkled cinnamon, hazelnut cream",5%
18123F,Oriental,Gourmand,"Lemon zest, bergamot, clementine","sweet vanilla cloud, sugar confection","spiced sugar cookie, sprinkled cinnamon, hazelnut cream",5%
26161F,Oriental,Gourmand,"Arabica coffee bean, espresso, cardamom","hazelnut, atlas cedar","vanilla pod, tonka bean",5%
17182F,Oriental,Gourmand,"angel food cake accord, whipped buttercream",french vanilla bean,coconut milk,5%
23418F,Fresh,Powdery,"Sun-Dried Linen Accord, Bergamot Zest, Leafy Greens","Lily of the Valley, Rose Petal, Vetiver","White Cedar, Clean Musk, Violet Leaf",5%
19595F,Fresh,Green,"Orange Peel, Cyclamen","Leafy Greens, Violet Leaf","Sweet Grass, Hay",7%
24263F,Oriental,Gourmand,"lemon peel, groun cinnamon","grated ginger, star anise, clove bud","baked cooki, maple sugar, vanilla bean",5%
19934F,Floral,Floral,"lemon peel, clove leaf","star gazer lily, indian jasmine","dewy leafy greens, tea rose",5%
29668F,Woody,Fougere,"Pineapple Leaf, Crisp Eucalyptus","Wild Lavender, Lavandin","White Patchouli, Smooth Musk",5%
20275F,Fresh,Citrus,"orange peel, lemon zest, kaffir lime","crushed peppermint, indonesian lemongrass","black currant, applewood",5%
29673F,Fresh,Citrus,"green mandarin, mango, lemon drops","sweet nutmeg, cherry blossom","sweet milk, bourbon vanilla",5%
29505F,Oriental,Gourmand,"crushed pineapple, bergamot","coconut milk, sparkling ginger","warm vanilla, crystalized sugar cane",7%
29391F,Fresh,Water,"orange zest, bergamot, freesia","calone, clove bud, lilac, cyclamen, mossy notes","musky notes, sandalwood, cinnamon leaf",5%
15107F,Fresh,Fruity,"lemon zest, orange zest, strawberry","raspberry, neroli, white flower","vanilla bean, fruity musk",5%
22951F,Floral,Floral,"Chinese ginger, rose oil, raspberry","rosewood, Turkish rose, lotus flower","sandalwood, patchouli, velvet oud",5%
36620F,Floral,Floriental,"Chinese ginger, rose oil, raspberry","rosewood, Turkish rose, lotus flower, tonka","sandalwood, patchouli, velvet oud, vanilla bean",3%
22966F,Fresh,Fruity,"orange peel, sun-kissed raspberry, ripe strawberry","strawberry leaf, concord grape, pineapple","shredded coconut, lush greens, sugared vanilla",5%
20401F,Fresh,Fruity,"Whipped Cream Accord, Monterey Strawberry","Wild Cherry, Blue Raspberry","Pineapple Leaf, Spun Sugar Accor",5%
26269F,Fresh,Fruity,"Valencia Orange, Maraschino Cherry, Raspberry Leaf","Wild Strawberry, Violet Petal, Lush Greens","Granulated Sugar, Green Apple Peel, Soft Vanilla",5%
19947F,Fresh,Citrus,"green mandarin, lemon peel, lime","elemi, pink pepper, neroli, white flowers","musky notes, tonka, sandalwood",5%
17282F,Floral,Floral,"Meyer Lemon, Apricot Blossom, Violet Leaf","Sweet Pea, Clove Leaf, Lily Belle","Leafy Greens, Star Anise, White Musk",5%
30915F,Fresh,Citrus,"Sparkling Mandarin, Lush Berry, Mimosa Blossom","Apricot Nectar, White Thyme, Lavandin","Tuscan Cypress, Violet Leaf, Sheer Musk",7%
29300F,Oriental,Woody Oriental,"honeysuckle, geranium","oakmoss, tonka bean, rosewood","sandalwood, white amber, musk, vetiver",5%
12330-401-5,Oriental,Gourmand,"Aromatic, Hawthorne","Carnation, Iris, Geranium","Vanilla, Amber, Sandalwood",7%
12380-401-5,Oriental,Ambery,"Incense, Cistus, Labdanum, Geranium","Rose, Saffron, Amber, Vanilla","Oudwood, Orris, Violet, Leather",5%
11596-401-5,Woody,Fougere,Cedarwood,"Iris, Patchouly","Musk, Powdery, Vanilla",5%
11814-489-3,Fresh,Green,"Bergamot, Bamboo, Green Aloe Leaf","Jasmine, Rose","Musk, Amber",7%
11592-401-6,Oriental,Woody Oriental,"Bergamot, Ginger",Geranium,"Sandalwood, Cedarwood, Patchouly",7%
11464-489-2,Fresh,Fruity,Forest Strawberry,"Peach, Green Leaves","Milk, Vanilla",5%
1142803,Fresh,Fruity,"Fruity, Tropical","Fruity, Floral","Sweet, Fruity",5%
1142810,Oriental,Gourmand,"Chocolate, truffel","Chocolate, sugar","Chocolate, toffee",5%
PF65781,Fresh,Fruity,"Cinnamon, clove, plum, apple, orange","Cinnamon, clove, ginger, dried fruits, raisins, berries","Fried fruits, vanilla ",7%
PF93212,Oriental,Soft Oriental,Orange,"Lily, jasmine, violet, orange blossom","Sheer musk, blonde woods, vanilla",5%
PF97733,Fresh,Citrus,"Sweet orange, mandarin, lemon zest, tart cranberry","Powdery raspberry, red berries","Cinnamon, clover",7%
PF97340,Fresh,Water,"Bergamot, lemon, mandarin, icy mint, ozone accords","Jasmine, waterlily, rose","Musk, woods, mosses",5%
1310542,Fresh,Citrus,"Citric, Spicy","Citric, Spicy",Spicy,5%
1251400,Oriental,Gourmand,"Sweet, Milky","Sweet, Toasted",Sweet,5%
1142808,Oriental,Gourmand,"Floral, Sweet","Floral, Powdery","Fruity, Sweet",5%
1251405,Oriental,Gourmand,"Coconut, Heliotrope","Lily-of-the-valley, Jasmine","Vanilla, Musk",7%
1251405,Oriental,Gourmand,"Coconut, Heliotrope","Lily-of-the-valley, Jasmine","Vanilla, Musk",7%
2017100561,Oriental,Gourmand,"Florida Orange, Intense Vanilla","Cedarwood, Spicy","Sandalwood, Creamy, Woody",4%
2017030095,Fresh,Fruity,"Citrus, Grapefruit, Orange","Sugar, Red Fruits, Strawberry","Sweet, Cranberry",7%
EFF290727,Sweet,Sweet,"Chocolate, Milky","Nutty, Fruity",Vanilla,5%
EFF289784,sweet,gourmand,"RASPBERRY, COCONUT, PEACH","JASMIN, ORANGE BLOSSOM","MUSK, PATCHOULI, VANILLA, MARSHMALLOW",7%
259144,Fresh,Fruity,"Green Apple, Acide Notes,","Peach, Apple Blossom, Apricote","Peach Blossom, Coconut",7%
259144,Fresh,Fruity,"Green Apple, Acide Notes,","Peach, Apple Blossom, Apricote","Peach Blossom, Coconut",
281278,Fresh,Water,"Pear, Green Mint, Ozonic","Marine, Lilly of the valley, Cinamon, Coconut","Sandalwood, Vanilla, Jasmine, Peach",5%
230945,Oriental,Gourmand,coconut,"jasmine, candy","musk, vanilla",5%
230945,Oriental,Gourmand,coconut,"jasmine, candy","musk, vanilla",5%
309493,Oriental,Gourmand,"Cream, Coconut Water, Candy","Coconut, Amber","Vanilla, Musk, sandalwood",10%
255443,Oriental,Gourmand,"Green Leaves, Watery","Pineapple, Coconut, Prune, Marine","Vanilla, Musk, Jasmine",5%
255443,Oriental,Gourmand,"Green Leaves, Watery","Pineapple, Coconut, Prune, Marine","Vanilla, Musk, Jasmine",
248070,Fresh,Fruity,"Green Orange, Tangerine, Blackberry","Tropical Raspberry, Peach, Prune","Strawberry, Orange blassom, Coconut",
248070,Fresh,Fruity,"Green Orange, Tangerine, Blackberry","Tropical Raspberry, Peach, Prune","Strawberry, Orange blassom, Coconut",7%
248070,Fresh,Fruity,"Green Orange, Tangerine, Blackberry","Tropical Raspberry, Peach, Prune","Strawberry, Orange blassom, Coconut",5%
268293,Fruity,Fruity,"fruity, apple, gren, grapefruit","floral, fruity, ozonic, lemon","woody-sandalwoodmusk, balsamic, jasmine",
273035,Floral,Floral,"Cassis, Orange, Pineapple","Ozonic, Tropical, Coconut, Red Fruit, Hibiscus Blossom","Sweet, Musk, Sandalwood, Peach",5%
273035,Floral,Floral,"Cassis, Orange, Pineapple","Ozonic, Tropical, Coconut, Red Fruit, Hibiscus Blossom","Sweet, Musk, Sandalwood, Peach",5%
273035,Floral,Floral,"Cassis, Orange, Pineapple","Ozonic, Tropical, Coconut, Red Fruit, Hibiscus Blossom","Sweet, Musk, Sandalwood, Peach",5%
273035,Floral,Floral,"Cassis, Orange, Pineapple","Ozonic, Tropical, Coconut, Red Fruit, Hibiscus Blossom","Sweet, Musk, Sandalwood, Peach",5%
285500,Floral,green,Green Lemon,"Lily of the valley, rose, Ylang","Jasmine, Musk",7%
298560,Floral,fruity,"Cassis, Green Apple, Orange Blossom","Rose, Lily of the Valley, Iris","Milky, Peach, Amber",
239171,Floral,Floral,"bergamot, lemon, ylang","violet, rose, iris, lily of the valley","musk, amber, jasmine, powdery",5%
239171,Floral,Floral,"bergamot, lemon, ylang","violet, rose, iris, lily of the valley","musk, amber, jasmine, powdery",5%
248073,Fresh,Fruity,orange,"Mango, apple","Vanilla, Musk",7%
248073,Fresh,Fruity,orange,"Mango, apple","Vanilla, Musk",
238912,Oriental,Gourmand,"lime, lemon, eucalyptus","mint, peppermint",suggar,5%
298556,Floral,Floriental,"Cassis, Bergamot, Geranium, Neroli","Jasmine, Cedar Wood, Orange Blassom","Tuberose, Amber, Patchouli, Musk",5%
248077,Fresh,Fruity,"tropical, sour,green","peach, apricot, velvet","peach blossom, Coconut",5%
276090,Fresh,Citrus,"grapefruit, green, cassis","rhuibarb, plum, peach, water","musk, gourmand",5%
288237,Fresh,Fruity,"Lemon, Orange, Grapefruit, Eucaliptus","Rose, Rhubarb, Peach","White flowers, Cedar Wood, Red Fruits",7%
248067,Floral,Floral,"Rose, Jasmine, Citrus, Spicy","Rose, Fruity, Jasmin, Iris, Lilac","Musk, Balsam, Lilly of the Valley",5%
281284,Fresh,Citrus,"Lemon, Peach, Grapefruit","Plum, Tangerine, Sweet Anised, Osmanthus Flower","Vanilla, sandalwood, Musk",7%
257659,Fresh,Floral,"green cassis, lemon, lime","tropical, rose, gardenia,lily of the valley, marine","Patchouli cedarwood,  musk",
226632,Fresh,Green,"grapefruit, lemon, gardenia","green tea, rose,iris","musk, Amber, Jasmine",
281280,Floral,Floriental,"Ylang, Green Notes","Rose, Taré Blossom, Coconut, Tuberose","Vanilla, Jasmine, Orange Blossom, Musk",7%
248065,Oriental,Gourmand,Aniseed,Candies Sweet,Vanilla Powdery,5%
276096,Floral,Floral,"green, lilac, fruity","violet, fresh flowers, iris","musk, woody, jasmine",5%
259787,Oriental,Gourmand," melon, green cassis, aromatic, lime, lemon","rose-marine, lily, violet, spicy, grapefruit, jasmine"," lily, carnation, ylang, woody,amber, oak moss, musk",
A282507,Oriental,Gourmand,"Candy floss, butter, cream","Maple, creamy, honey","Caramel, vanilla",5%
A311019,Oriental,Gourmand,"Milky, Chocolate",Chocolate,"Vanilla, Caramel",5%
A321174,Oriental,Gourmand,"Aniseed, Buttery, Orange","Giner, Cinnamon, Clove","Vanilla, Caramel",5%
A255364,Fresh,Citrus,"Cassis, Cranberry, Orange, Line","Cinnamon, Nutmeg","Malt, Musk",5%
335094,Oriental,Gourmand,"Creamy, Nutmeg, Cocoa, Nutty","Cinnamon, Ginger, Jasmine, Peach","Caramel, Tonka, Vanilla",5%
401669,Oriental,Gourmand,"Milk, Gourmand, Hazelnut","Praline, Chocolate","Vanilla, Caramel, Cocoa",5%
A341373,Fresh,Fruity,"Apple, Rasberry, Plum","Rose, Fig, Grape","Sweet, Gourmand",5%
A299191,Oriental,Gourmand,"Toasted Almond, Pistachio","Butter Cream, Cinnamon","Cinnamon, Vanilla",5%
352637,Oriental,Gourmand,Candy Sugar,"Jasmin, Heliotrope, Muguet","Vanilla, Tonka, Caramel, Musk",7%
352637,Oriental,Gourmand,Candy Sugar,"Jasmin, Heliotrope, Muguet","Vanilla, Tonka, Caramel, Musk",7%
343608,Floral,Floriental,"Bergamot,Mandarin, Cassis ","Neroli, Jasmin, Rose","Patchouli, Vanilla, Precious woods",10%
A310809,Fresh,Green,"Plum, Rose","Jasmine, Lily, Rose, Amber","Vanilla, Musk",7%
A258752,Oriental,Gourmand,"Candy Floss, Butter, Cream","Maple, Creamy, Honey","Caramel, Vanilla",5%
P0226729,Floral,Floral,"fresh, green, magnolia","floral, rose, violet, ylang ylang","Timberwood, musk, heliotrope, vanilla",7%
P0226729,Fresh,Fruity,"Fresh, green, Magnolia","Floral, rose, violet, ylang ylang","Timberwood, musk, vanilla, heliotrope",7%
P0240857,Fresh,Fruity,"orange, Bergamot, green apple, geranium","Ylang Ylang, floriental, fruity, orchid, rose, plum, lily of the valley","Sandalwood, vanilla, musk, caramel, cinnamon, tonka",7%
EAF34276/00,Oriental,Gourmand,"Vanilla, Butter","Vanilla, Coconut",Vanilla,7%
EAD26538/00,Floral,Gourmand,"Vanilla, Butter",Vanilla Coconut,Vanilla,N/A
EAD4259/00,Floral,Floral,"Apple, Grapefruit, Herbaceous, Violet","Gardenia, Jasmine, Strawberry","Musk, Vanilla, Wood",5%
EAD26532/00,Fresh,Fruity,"Peach / Apricot, Orange, Tropical Fruit","Peach, Blackcurrant","Peach, Coconut",5%
EAD26537/00,Floral,Floriental,"Apple, Blackcurrant, Pear, Rose","Jasmine, Muguet","Mousse, Musk, Peach",5%
EAD26534/00,Fresh,Fruity,"Mango, Orange, Tropical Fruit","Peach / Apricot, Blackcurrant, Rose","Peach / Apricot, Vanilla, Sandalwood",5%
EAD26540/00,Oriental,Gourmand,"Vanilla, Warm Milk","Vanilla, Hawthorn","Vanilla, Coconut",5%
EAD26540/00,Oriental,Gourmand,"Vanilla, Warm Milk","Vanilla, Hawthorn","Vanilla, Coconut",5%
EAD26531/00,Fresh,Fruity,"Blueberry, Red Fruits, Floral","Blueberry, Berry, Gourmand","Musk, Woody, Iris",5%
14/0000183,Fresh,Green,"lemon, green note","aloe vera, cucumber, white blossom",white musk,5%
14/0006691,Fresh,Green,Ozonic note,"Green,  bamboo, lotus blossom","Sweet woods, white musk",7%
14-0002058,Fresh,Fruity,orange,"blackberry, green note","white musk, vanilla",5%
09/903773,Oriental,Gourmand,Fresh Bread,Vanilla,Woody,5%
07/701428,Oriental,Gourmand,"solar notes, butter","vanilla , milky notes",Caramel,5%
17-0005326,Oriental,Gourmand,Butter Note,Milky Note,"Vanilla, Sweet Sugar",5%
17-0005326,Oriental,Gourmand,Butter Note,Milky Note,"Vanilla, Sweet Sugar",5%
12/0002194,Oriental,Oriental,Frangipani Blossom,"Oliban, White Tea, Cherry blossom","Vanilla, Rice,  Precious Wood",5%
17/0004136,Oriental,Gourmand,Almond,"Fruit, Berries","Vanilla, Musk",5%
13/0005672,Oriental,Sweet,Almond,"Fruit, Berries","Vanilla, Musk",5%
17-0005709,FLORAL,FRUITY,Almond,"Fruit, Berries","Vanilla, Musk",5%
12/0002189,Woody,Mossy Woods,Red berries,"pine needles, minty notes","treemoss, fir balsam",5%
17-0005710,Woody,Mossy Woods,Fruity,Pine,Moss,5%
13/0005751,Oriental,Gourmand,milky note,chocolate,"vanilla, brown sugar",5%
13/0002460,Oriental,Gourmand,Sweet clementine,"cookie, Hazelnut","vanilla, sugar",7%
16/0021730,Oriental,Gourmand,Cinnamon,Sugar,Vanilla,5%
13/0002303,Oriental,Gourmand,almond,"milky note, caramel",vanilla,5%
13/0002303,Oriental,Gourmand,almond,"milky note, caramel",vanilla,5%
13/0003675,Oriental,Gourmand,"Orange, Apple","Cinnamon, Clove",Cedarwood,5%
14/0001766,Oriental,Gourmand,hazelnut,chocolate,"vanilla, caramel",5%
18/0001607,Oriental,Gourmand,Mint,Chocolate,Vanilla,7%
14-0005009,Fresh,Fruity,Lemon,"Raspberry, Cranberry",Vanilla,5%
13/0004738,Oriental,Gourmand,"Citrus, green notes","basil, olive oil, mint, sweet almond","vanilla, woods",5%
16/0018071,Fresh,Fruity,sweet green note,pear pulp,"vanilla, white musk",5%
17/0005045,Oriental,Gourmand,Citrus,"White sea, white flowers","Vanilla, white musks",7%
08/802566,Fresh,Fruity,melon pulp,"white blossom, honey","vanilla, brown sugar",5%
12/0002331,Fresh,Fruity,"Apple, Orange","Cinnamon, Cloves",Vanilla,5%
07/701151,Fresh,Fruity,Milky note,"blueberry, wild berries",vanilla,5%
13/0001254,Oriental,Gourmand,Almond Milk,"Honey, Caramel","Vanilla, Hazelnut",5%
13/0001254,Oriental,Gourmand,Almond Milk,"Honey, Caramel","Vanilla, Hazelnut",5%
13/0001254,Oriental,Gourmand,Almond Milk,"Honey, Caramel","Vanilla, Hazelnut",5%
16/0016801,Fresh,Fruity,Citrus,"kiwi pulp, green note","white musk, brown sugar",5%
17/0003809,Oriental,Gourmand,Coconut,Milky Note,Vanilla,5%
16/0018490,Oriental,Gourmand,Coconut,Almond,"Vanilla, Light Wood",7%
13/0000353,Fresh,Citrus,Lemon,"sweet almond, cookie","vanilla, caramel, white musk",7%
08/801627,Fresh,Fruity,citrus,litchee,white musk,7%
13/0001429,Floral,Floral,"Bergamot, orange","white flowers, powderry note","white musk, incense, vanilla",5%
13/0003793,Fresh,Fruity,Mango,Papaya,Vanilla,5%
15-0012354,Fresh,Green,"citrus, water blossom","melon, cucumber",vanilla,5%
11/0003157,Oriental,Gourmand,Bitter almond,white blossom,white musk,5%
12/0002921,Oriental,Gourmand,almond,white blossom,sweet woods,5%
13/0004169,Oriental,Gourmand,Almond,"White Blossom, Milky Note",White Musk,5%
15/0007582,Oriental,Gourmand,"Citrus, Milky notes","sweet honey, nuts powder","vanilla, toffee",5%
16-0016562,Floral ,Floriental,Jasmine,Frangipani Blossom,Vanilla,5%
17-0005692,Floral,Floriental,Jasmine,Frangipani Blossom,Vanilla,5%
12-0003034,Oriental,Gourmand,Citrus,"Mulberry, red berries",Vanilla,5%
18/0000412,Sweet,Sweet,"Almond, Praline ","Hazlenut, Chocolate",Vanilla,7%
11/0004395,Fresh,Fruity,"Apricot, Plum, Coconut","Tuberose, Jasmine, Lily-of-the-Valley, Rose, Rosewood, Caraway","Sandalwood, Almond, Vanilla, Musk",5%
13/2304,Fresh,Fruity,citrus,"passion fruit, exotic blossom","white musk, vanilla",5%
16-0022945,SWEET,SWEET,Hazelnut,Pistachio,Vanilla,5%
13/0000357,Fresh,Citrus,"Orange, Apple","Cinnamon, Clove",Cedarwood,5%
14/0002304,Fresh,Fruity,citrus,"passion fruit, exotic blossom","white musk, vanilla",5%
09/902301,Fresh,Fruity,Orange,"Cinnamon, Cloves",Cedarwood,5%
13/0002316,Fresh,Citrus,citrus,"Mango, papaya, white blossom",white musk,5%
14-0004366,Fresh,Citrus,"CITRUS, BLACKCURRANT",WHITE BLOSSOM,WHITE MUSK,5%
13/0003799,Fresh,Water,"Citrus, solar note","white blossom, marine notes","vanilla, patchouli",5%
12/0000784,Oriental,Oriental,Citrus,"Incense, Cedar, White Bouquet","Patchouli, Dry Amber, Vanilla",7%
11/0004609,Fresh,Fruity,Aldehyde,Strawberry,"Vanilla, Caramel",7%
16/0019688,Fresh,Fruity,Citrus,"Strawberry, rhubarb, white flowers","brown sugar, white musk",5%
12/0004031,Floral,Floral,"Bergamot, Melon, Peach, Pear","Freesia, Lily-of-the-Valley, Rose, Violet","Cedar, Sandalwood, Vanilla, Musk",5%
16/0018876,Oriental,Gourmand,citrus,"orchid, white blossom, patchouli","vanilla pod, white musk",5%
14/0002087,Oriental,Gourmand,Hazelnut,Almond,Vanilla,5%
13/3714,Fresh,Fruity,"lime, tea","geranium, rose",flowers,5%
12/0002487,Oriental,Gourmand,Orange,"Almond, Star Anise","Cinnamon, Cloves",5%
14/0001493,Fresh,Water,CITRUS,"ORCHID, ROSE, WHITE BOUQUET","WHITE MUSK, VANILLA",5%
13/0000154,Fresh,Water,"watery note, raspberry",white blossom,white musk,5%
R.171301.7,Fresh,Fruity,"Tropical freuits, peach, pineapple","White flowers, Jasmin, Galbanum","Moss, Honey",7%
R.170497.5,Oriental,Gourmand,"Milk, Peach","Cake, Honey","Vanilla, Sugar",5%
R.171634.1,Oriental,Gourmand,"Elemi, Lemon, Pink Pepper","Clove, Incense, Rose","Vetiver, Tonka Beans, Benzoin",5%
PRX019332,Flowery,watery,"Orange, Aquatic Notes, Tropical Fruits","Lotus, Lily, Lily of the Valley, Rose","White Musk, Violet, Amber, Tobacco",7%
C284/M,Fresh,Green,"fresh, juicy and leafy green notes","aquatic –floral, green notes, wood",musk,7%
D2636/M,Fresh,Fruity,"fresh, juicy, green, fruity, plum","fruity; mirabelle plum, peach, apple, wild strawberry","sweet, fruity, balsamic, honey",5%
D2563/M,Fresh,Powdery,"floral, sweet, honey, linden","hawthorn, orange blossom, rose, violet, anise notes","sweet, warm, vanilla, musk, powdery",7%
FF7385,Floral,Floral,"Apple, Orange Blossom, Elderflower, Lime","Apple, Orange Blossom, Elderflower, Lime","Heliotrope, Violet, Musk’s",5%
SO018148,Fresh,Fruity,"Lemon, Orange, Leaves accord","Clove, Nutmeg, Cinnamon, Black Tea Leaves, Jasmine, Rose","Red Fruits, Tonka Bean, Vanilla, Patchouli, Oak Moss, Cedarwood, White Musks ",5%
SO018144,Oriental,Gourmand,"Pear, Plum, Apple Slices","Nutmeg, Cinnamon, Eucalyptus, Butter Cider","Heliotrope, Vanilla, Amber, Tonka Bean",6%
GG15552,Gourmand,Oriental,"Orange, Sparkling notes, Bergamot, Neroli","Eucalyptus, Orange Blossom, Coriander, Petit Grain, Waterlily","Honeysuckle, Orris, Vetiver.",5%
GG0627,Fruity,Fruity,"Grapefruit, Rhubarb","Cloudberries, Blueberries, Lingonberries, Peach, Raspberry","Vanilla, Cedarwood.",5%
281280,Floral,Floriental,"Ylang, Green Notes","Rose, Taré Blossom, Coconut, Tuberose","Vanilla, Jasmine, Orange Blossom, Musk",7%
17282F,Flowery,Powdery,"Meyer Lemon, Apricot Blossom, Violet Leaf","Sweet Pea, Clove Leaf, Lily Belle","Leafy Greens, Star Anise, White Musk",5%
11771-489-2,Fruity,Edible,"Peach, Mango","Pineapple, Orris, Grapefruit","Vanilla, Milk, Wood",5%
39944F,Fruity,Fruity,"Sparkling Prosecco, Peach Nectar, Lemon Peel","Coconut Water, Pineapple Peel, Passionfruit","Sun-Kissed Leaves, Apple Peel, Brown Sugar",7%
1251405,Oriental,Gourmand,"Coconut, Heliotrope","Lily-of-the-valley, Jasmine","Vanilla, Musk",7%
P0240857,Fruity,Spicy,"Orange, Bergamot, green Apple, Geranium","Ylang Ylang, Orchid, Lilly of the Valley, Plum, Rose","Sandalwood, Vanilla, Musk, Caramel, Cinnamon, Tonka",7%
2017030095,Fresh,Fruity,"Citrus, Grapefruit, Orange","Sugar, Red Fruits, Strawberry","Sweet, Cranberry",7%
P0226106,Fruity,Sweet,"Vanilla, Sweet, Bergamotte","licorice, flowery Vanilla, Balsamic","Sandelwood, Vanilla, Caramell, Patchouli, Tonka",7%
14-006351,Sweet,Gourmand,Milky,Caramel,"Vanilla, Musk",7%
281280,Floral,Floral,"Ylang, Green notes","Rose, Tiaré blossom, coconut, Tuberose","Vanilla, Jasmine, Orange Blossom, Musk",7%
22966F,Fruity,Fruity,"Orange Peel, Sun-Kissed Raspberry, Ripe Strawberry","Strawberry Leaf, Concord Grape, Pineapple","Shredded Coconut, Lush Greens, Sugared Vanilla",5%
29383F,Fresh ,"sun-dried linen accord, bergamot zest, leafy greens","lily of the valley, rose petal, vetiver","white cedar, clean musk, violet leaf","white cedar, clean musk, violet leaf",5%
EFF2897E97,Fresh ,Fruity,"lime, mandarin, green leaf, sea freshness","clary sage, cardamom, jasmine, sunflower","amber, musk, cedar wood, moss",4%
EFF293381,Fruity,Floral,"Orange, Peach, Coconut, Mandarin","Blackberry, Tropical Berries, Guava, Lemongrass","Musk, Vanilla, Amber",
293638,Flowery,Flowery,"Jasmin, Violet, Watery Notes","Hyacinth, Honeysuckle, Iris","Vetiver, Musk",5%
GG1825,Fruity,Fruity,"Grapefruit, orange","Neroli, jasmine, petitgrain","Musk, cedarwood",4%
EFF293381,Fruity,Fruity,"Orange, Peach, Coconut, Mandarin","Blackberry, Tropical Berries, Guava, Lemongrass","Musk, Vanilla, Amber",7%
GG3019,Flowery,Fresh,"Green violet leaves, elemi, rice milk","Violet, powdery orris, creamy Lilac, orchid, ylang, rose","comforting musks, Vanilla, Carnation, tonka, blond woods",5%
P0270387,Floral,Floral,"Agrumic, Bergamot, aldehydic, tangerine","Ylang Ylang, Rose, Floral, Violet, Lily of the valley, Iris","Vetiver, Vanilla, Musk, Patchouli, Sandalwood, Moss",7%
281280,Floral,Floriental,"Ylang, Green Notes","Rose, Taré Blossom, Coconut, Tuberose","Vanilla, Jasmine, Orange Blossom, Musk",1%
SO018144,Fruity,Spicy,"Pear, Plum, Apple Slices","Nutmeg, Cinnamon, Eucalyptus, Butter Cider","Heliotrope, Vanilla, Amber, Tonka Bean",6%
GG0627,Fruity,Fruity,"Grapefruit, Rhubarb","Cloudberries, Blueberries, Lingonberries, Peach, Raspberry","Vanilla, Cedarwood.",5%
GG3721,Fruity,Fruity,"Mango, Lychee","Peach, Green","Pineapple, Mango",5%
E-1837112,Fresh,Fruity,"Aldehyde, Peony","Rose, Violet, Melon","Cedarwood, Musk, White Flowers",7%
P0270365,Flowery,Flowery,"green, Bergamot, floriental","floral, Rose, Violet, YlangYlang, Jasmin, Honey","Sandelwood, Vanilla, Musk, Patchouli, Amber, Timberwood",7%
SO018148,Fruity ,Spicy,"Lemon, Orange, Leaves Accord","Clove, Nutmeg, Cinnamon, Black Tea Leaves, Jasmine, Rose","Red Fruits, Tonka Bean, Vanilla, Patchouli, Oak Moss, Cedarwood, White Musk",5%
GG3021,Floral,Floral,"Neroli, Ylang","White GARDENIA, ORANGE FLOWER, frangipani, monoi, Jasmin, Tubersose","Musk, coconut, carnation, milky",5%
19-0001502,Floral,Floral,"Fresh, Bitter Orange, Bergamot","Orange blossom, Jasmine, Patchouli","White Musk, Vanilla, Amber",5%
PRX022406,Tasty,Sweet,Cinnamon,Milk Caramelised Sugar,"Vanilla, Benzoin Resinoid",7%
GG2698,Powdrey,Milky,Hint of lemon,"cupcake, buttercream icing, nutme","Vanilla, warm musk",5%
E1922777,Woody,Oriental,"Green, Fresh, Citrusy, Fig tree leaves, Bergamot","Floral, Lily of the valley, Jasmine, Freesia, Woody","Woody, Patchouli, Moss, Musky, Amber, Vanilla",7%
